hello;ğŸ‘‹
hi;ğŸ‘‹
what;ğŸ–Œ
paint;ğŸ¨
i;ğŸŒ˜
am;ğŸŒ†
going;ğŸ
bike;ğŸš´
whale;ğŸ˜­
choice;ğŸ˜
think;ğŸ¦ˆ
die;âœŠ
dead;ğŸœ
death;â¡ï¸
dark;ğŸ‘
light;ğŸ¦‹
penis;ğŸ˜‚
prove;ğŸ’¯
trump;ğŸš‚
evil;ğŸ˜ˆ
good;ğŸ
god;ğŸ’
hot;ğŸš¿
sexy;ğŸ˜—
smart;âœ…
snapchat;ğŸ‘»
drakr;none
drake;ğŸ’¦
queen;ğŸ‘¸
slay;ğŸ™Œ
sick;ğŸ˜·
crap;ğŸ’©
crisis;ğŸ™ƒ
cash;ğŸ’µ
money;ğŸ’°
cute;ğŸ—
cat;ğŸˆ
dog;ğŸ†˜
beer;ğŸº
pint;ğŸ‘
england;ğŸ˜˜
english;ğŸ“
uk;ğŸ‡¬ğŸ‡§
us;ğŸ
usa;ğŸŒ†
america;ğŸ‡ºğŸ‡¸
canada;ğŸ‡¨ğŸ‡¦
mexico;ğŸ‡²ğŸ‡½
sweden;ğŸ‡¸ğŸ‡ª
germany;ğŸ‡©ğŸ‡ª
german;ğŸ˜ƒ
photo;ğŸ“¸
vacation;ğŸŒ´
holiday;ğŸŒ
summer;â›º
spring;ğŸŒ¼
flower;ğŸŒº
goals;âš½
soccer;âš½
football;ğŸˆ
ball;ğŸ±
bar;ğŸ’
drink;ğŸ¹
alcohol;ğŸ˜…
find;âš–ï¸
justice;ğŸ˜‰
matter;ğŸ’¯
blacck;none
black;â–ªï¸
lives;ğŸ¼
music;ğŸ¹
beauty;ğŸ¥€
bye;ğŸ‘‹
john;ğŸ­
wayne;ğŸ
birthday;ğŸ
cool;ğŸ¦‡
tv;ğŸ“º
youtube;ğŸ”´
twitter;ğŸ›¶
boat;â›´
sail;â›µ
sailing;â›µ
to;â›·
the;ğŸ¥€
korea;ğŸ˜­
japan;ğŸ‡¯ğŸ‡µ
china;ğŸ‡¨ğŸ‡³
flying;ğŸ›«
lets;ğŸ…
railways;none
horses;ğŸ
draw;ğŸ˜´
carts;none
along;â˜€ï¸
tracks;ğŸ˜‚
in;ğŸ‡³ğŸ‡¿
william;âœ¨
murdoch;none
a;ğŸ‡ªğŸ‡ª
scottish;ğŸ˜‚
inventor;none
built;ğŸš‚
small;ğŸš’
of;ğŸ‡§ğŸ‡®
road;ğŸš™
an;â˜ï¸
early;ğŸ™‹
working;ğŸ‚
model;ğŸ“·
was;ğŸ¤ 
designed;ğŸ¨
and;ğŸ““
constructed;none
by;ğŸ›¥
fitch;none
during;ğŸ¤“
his;ğŸš‘
used;â˜ 
bladed;none
wheels;ğŸ˜‚
or;â—¼ï¸
still;ğŸ¤
exists;ğŸ˜
at;ğŸ
museum;ğŸ“·
authenticity;none
date;ğŸ“–
this;ğŸ†“
is;ğŸ›‘
disputed;none
some;ğŸ¥›
workable;none
train;ğŸš†
would;ğŸ‡µğŸ‡­
have;ğŸ¦‚
high;âšœï¸
pressure;ğŸ’
engine;ğŸ˜‚
richard;â˜•
trevithick;none
washington;ğŸ˜±
ny;ğŸ“ˆ
stck;none
stock;ğŸ™
buy;âŒš
purchase;ğŸ¸
shoes;â¡ï¸
basket;ğŸ‡
pig;ğŸ–
cow;ğŸ„
farm;ğŸŒ±
grow;â„ï¸
bee;ğŸ
times;ğŸ¯
read;ğŸ“–
book;ğŸ›
library;ğŸ“š
city;ğŸ•
calendar;ğŸ“…
app;ğŸ’¡
download;ğŸ”¥
fire;ğŸš’
truck;ğŸšš
jump;ğŸ˜“
ski;ğŸ‚
florida;ğŸ¯
caribbean;ğŸ
sea;ğŸ‹
ocean;ğŸŒŠ
go;ğŸ½
up;ğŸ”¼
club;ğŸ¾
just;ğŸ†’
broke;ğŸ’”
im;â™‹
doing;ğŸ¤¸
my;ğŸ„
own;ğŸ¥
little;ğŸ‘¶
thing;ğŸ¤–
you;ğŸ”‰
decided;ğŸ™‚
dip;ğŸ˜›
now;ğŸš§
wanna;ğŸ±
trip;ğŸ»
cause;ğŸ¤¾
another;ğŸŸ
brother;ğŸ”“
noticed;ğŸ˜·
me;ğŸ
on;â™
him;ğŸŒ€
he;ğŸ•
dont;ğŸƒ
pay;ğŸ½
any;ğŸ’Š
attention;ğŸ˜¾
cried;ğŸ¥€
tears;ğŸ˜°
for;ğŸ‡§ğŸ‡®
three;â­
years;ğŸ‘µ
cant;ğŸ¤°
be;ğŸ¦
mad;ğŸœ
trying;ğŸ¦
roll;ğŸ’©
aint;ğŸ¦Œ
picking;ğŸ˜œ
headed;ğŸ˜‚
thinking;ğŸ’­
bout;ğŸ’¸
ladies;ğŸšº
sip;ğŸ¾
dussÃ©;none
cup;ğŸ
give;ğŸ™‰
fuck;ğŸš®
chucking;none
deuces;none
suck;ğŸ–¥
balls;ğŸ€
had;ğŸ˜¯
enough;ğŸ˜
boutelephant;none
golf;â›³
jerk;ğŸ˜©
ass;ğŸ–•
dat;ğŸ˜
booty;ğŸ‘
lick;ğŸ˜‚
west;ğŸš’
wast;none
east;âœŠ
south;ğŸ©
north;ğŸšº
woman;ğŸ¨
man;ğŸš©
girl;ğŸ‘§
boy;â£ï¸
idiot;ğŸ˜’
ugly;ğŸ·
we;ğŸŒ€
cannot;ğŸ˜µ
solve;â€
our;ğŸ‡·ğŸ‡¸
problems;ğŸ˜…
with;ğŸ¦
same;ğŸ»
when;âš•ï¸
created;ğŸ˜
them;ğŸ‡§ğŸ‡·
more;ğŸ—¡
africa;ğŸ˜Š
europe;ğŸ©
eu;ğŸ˜‰
ireland;ğŸ€
scotland;ğŸ˜‚
france;ğŸ‡«ğŸ‡·
spain;ğŸ‡ªğŸ‡¸
italy;ğŸ‡®ğŸ‡¹
chech;none
greece;ğŸ‡¬ğŸ‡·
russia;ğŸ‡·ğŸ‡º
bomb;ğŸ’£
boom;ğŸ’¥
israel;ğŸ¤”
palestine;none
iran;ğŸ¤¥
iraq;ğŸ˜‚
syria;none
are;ğŸ—‘
spotify;ğŸ˜
weak;ğŸ’€
strong;ğŸ’ª
camera;ğŸ¥
instagram;â“
why;ğŸ‡§ğŸ‡·
how;â—
come;ğŸ‡µğŸ‡¹
want;ğŸ†“
free;ğŸ“…
card;âœˆï¸
pool;ğŸ±
police;ğŸš”
cops;ğŸ˜‚
cop;ğŸ”¥
flame;ğŸ”¥
flames;ğŸ”¥
harry;ğŸ“¹
potter;ğŸ‘
jk;ğŸŒš
may;ğŸœ
march;ğŸ“†
apri;none
april;ğŸ—“
june;ğŸ˜
july;ğŸ’œ
august;ğŸ˜
september;ğŸ˜‰
bbc;ğŸ“º
fox;âš¡ï¸
new;ğŸ‡­ğŸ‡º
news;ğŸ“¢
listen;â–¶ï¸
speak;ğŸ‘‹
fight;ğŸ˜²
back;ğŸ›©
brew;ğŸ·
wine;ğŸ·
champagne;ğŸ¾
part;ğŸ™†
party;ğŸ›¥
rich;ğŸ¤‘
poor;ğŸ
school;ğŸ­
theatre;ğŸ˜Š
netflix;ğŸ™Œ
chill;ğŸ“š
about;ğŸ¢
house;ğŸ 
da;ğŸ¤
quite;ğŸ˜¡
shut;ğŸ”ª
mourh;none
mouth;ğŸ™…
where;ğŸ‘½
so;ğŸ•µï¸
beach;ğŸ–
gonna;â˜”
rain;ğŸŒ§
sunshine;â˜€ï¸
soul;ğŸ–•
hip;ğŸ˜
hop;âœŠ
soundcloud;ğŸ”¥
movie;ğŸ–Œ
scull;none
island;ğŸ
swede;ğŸ˜…
who;ğŸ‡§ğŸ‡ª
can;âš°ï¸
damn;ğŸ¬
see;ğŸ’‚
guard;ğŸ˜‚
doctor;âš•ï¸
nine;â­
five;ğŸ©
donut;ğŸ©
bread;ğŸ
cheese;ğŸ§€
pizza;ğŸ•
dylan;ğŸ˜‚
nobel;none
hollande;none
tsipras;none
donald;ğŸ˜‚
jesus;ğŸ™
christ;âœ¨
church;ğŸ’’
savior;ğŸ™
holy;ğŸ‘€
gay;ğŸŒˆ
lgbtq;ğŸ³ï¸
lgbt;ğŸŒˆ
white;â¡ï¸
chocolte;none
chocolate;ğŸ«
fudge;ğŸ¨
ice;ğŸ¦
cream;ğŸ¦
strawberry;ğŸ“
online;â˜”
facebook;ğŸ“·
tired;ğŸ˜´
must;ğŸ¤’
cold;ğŸŒ¬
beers;ğŸ»
vodka;ğŸˆ
spirit;ğŸ’™
time;â³
goes;ğŸŒ
world;ğŸŒ
planet;ğŸŒ
earth;ğŸŒ
awesome;ğŸ‘
dinner;ğŸ²
eat;ğŸ¦€
restaurant;ğŸ½
rome;ğŸ›
paris;ğŸ‡«ğŸ‡·
lisbon;none
rio;ğŸ˜­
la;ğŸ’«
chicago;ğŸ™
toronto;ğŸ‡¨ğŸ‡¦
london;â˜‘ï¸
tokyo;ğŸŒ¸
adult;ğŸ¸
kid;ğŸš«
children;ğŸŒˆ
child;ğŸ˜£
son;ğŸ—£
daughter;ğŸ˜ƒ
stupid;ğŸ™†
math;â—
plus;ğŸ’­
minus;ğŸ‘
divided;none
cher;ğŸ˜‚
love;ğŸ‡µğŸ‡¹
place;ğŸ’µ
ever;ğŸ”®
magic;â¡ï¸
next;ğŸ‡§ğŸ‡·
here;ğŸ•
burger;ğŸ”
king;ğŸ‘£
walk;ğŸŒ¾
walking;ğŸ’
run;ğŸ¦„
running;ğŸ”«
work;ğŸ®
pregnant;ğŸ’¯
birth;ğŸ‘¶
o;ğŸˆ
racist;ğŸ˜³
seeing;ğŸ˜¶
alt;ğŸ˜Š
right;ğŸ”¼
left;ğŸ“
college;ğŸ€
harard;none
boston;ğŸ’¨
philadephia;none
dublin;â¤ï¸
berlin;ğŸ‡©ğŸ‡ª
moses;ğŸ˜‚
walker;ğŸ˜‚
born;ğŸ“¹
class;ğŸ¯
town;ğŸ¾
eastern;ğŸ˜‚
that;ğŸšµ
served;ğŸ´
as;ğŸš¿
sanctuary;â¤ï¸
slaves;none
since;ğŸ…°ï¸
its;ğŸˆ
included;ğŸ™ƒ
large;â¡ï¸
community;âšœï¸
unique;ğŸ˜‰
collective;none
former;ğŸ’›
virginian;none
parents;ğŸ’¡
w;ğŸ‡
harra;none
were;ğŸš‚
both;ğŸ¼
mulattos;none
according;ğŸ¤”
biographer;none
david;ğŸ˜
zang;none
father;ğŸ˜
came;ğŸ¤’
from;ğŸ†˜
likely;â™‚ï¸
beneficiary;ğŸ™„
patronage;none
married;ğŸ‘°
state;ğŸ“Š
old;ğŸ‘´
family;ğŸ‘§
moved;ğŸ¡
miles;ğŸš¨
steubenville;none
became;ğŸ™‚
one;ğŸ’¿
first;ğŸŒ€
later;ğŸ·
minister;ğŸ’š
episcopal;none
there;â—¼ï¸
fifth;ğŸ˜
younger;ğŸ˜‰
weldy;none
year;ğŸš™
attended;ğŸ˜‚
s;ğŸ’±
passed;ğŸ˜
racial;none
integration;none
gbear;none
bear;ğŸ»
dewey;none
american;ğŸ¾
jazz;ğŸ·
trumpeter;none
bandleader;none
among;ğŸ‘Œ
most;ğŸŒ
acclaimed;none
history;ğŸ“¹
th;ğŸ“…
century;ğŸ˜‚
changing;ğŸ¤£
directions;â™€ï¸
forefront;none
number;ğŸ˜
major;ğŸ˜
stylistic;none
developments;none
over;ğŸ‡³ğŸ‡¿
career;ğŸ˜ª
raised;ğŸ’°
illinois;ğŸ˜Š
performing;ğŸ«
york;ğŸ’¥
saxophonist;none
charlie;ğŸ‘
parker;ğŸ˜‚
before;ğŸšº
sessions;ğŸ’
capitol;none
records;ğŸ˜
which;ğŸ‘‚
recorded;ğŸ˜‚
hard;âš«
while;ğŸ›€
but;ğŸ‘‚
did;ğŸ˜¾
haphazardly;none
due;ğŸ”«
heroin;ğŸ˜‚
after;ğŸ½
comeback;ğŸ·
performance;ğŸ€
festival;ğŸ†
signed;ğŸ‘‰
long;ğŸŒ¬
term;ğŸ™
released;â¤ï¸
album;ğŸš‚
round;â™»ï¸
midnight;ğŸ˜ˆ
it;ğŸ
coltrane;none
bassist;none
paul;ğŸ¤£
key;ğŸ”‘
members;ğŸ†“
sextet;none
led;ğŸ‘
into;â›”
period;â™€ï¸
alternated;none
between;âœŒï¸
orchestral;none
arranger;none
evans;ğŸ˜‚
such;ğŸ¢
spanish;ğŸ˜
band;ğŸ¹
kind;ğŸ¦
blue;ğŸš”
idior;none
dior;none
chanel;ğŸ¦„
uncorn;none
team;ğŸ†š
vs;ğŸ•–
against;ğŸ˜®
originated;none
african;â˜•
americans;ğŸ‡ºğŸ‡¸
orleans;ğŸ“·
united;âš½
states;ğŸ’œ
late;ğŸŒ¯
blues;ğŸ’™
ragtime;none
age;ğŸ‘´
has;ğŸ“‘
become;ğŸ“·
recognized;ğŸ˜‚
form;ğŸ˜‰
musical;ğŸµ
expression;ğŸ˜‚
then;ğŸ†’
traditional;ğŸ˜Š
popular;ğŸ˜’
styles;ğŸ˜
all;ğŸ®
linked;ğŸ˜‚
common;â˜•
european;ğŸ“·
parentage;none
characterized;none
swing;âš¾ï¸
notes;ğŸ¤”
call;â˜ï¸
response;ğŸ˜
vocals;ğŸ‘Œ
polyrhythms;none
improvisation;none
including;ğŸ”¥
well;âš«
military;ğŸ‡§ğŸ‡®
although;ğŸ’
foundation;ğŸŒ¸
within;ğŸ™ƒ
experience;ğŸ˜¶
different;ğŸ‘
contributed;none
their;ğŸ‡§ğŸ‡ª
art;ğŸ¨
intellectuals;none
around;ğŸ‘
hailed;none
considered;ğŸ’€
highly;ğŸ‘Œ
difficult;ğŸ˜‘
least;ğŸ¤
because;ğŸŒ­
many;â—
varied;none
subgenres;none
regarded;none
being;ğŸ†“
centrality;none
attributed;none
earlier;ğŸ˜€
forms;ğŸŒ
folk;ğŸ˜„
arose;none
songs;ğŸ’¥
field;ğŸ“Š
hollers;none
plantations;none
these;ğŸ¥
commonly;none
structured;none
also;ğŸ”®
improvisational;none
evaluated;none
fidelity;none
score;ğŸ‡ªğŸ‡¸
much;ğŸ‡µğŸ‡¹
less;ğŸ’¸
discretion;none
ornamentation;none
primary;ğŸ˜‚
goal;âš½
play;ğŸš¢
composition;none
written;ğŸ¤£
often;ğŸ˜£
product;ğŸŒ·
group;ğŸ¬
places;ğŸ‘Œ
varying;none
degrees;ğŸ˜
contributions;none
if;ğŸ“Ÿ
williams;ğŸ˜‚
autumn;ğŸ“·
shy;ğŸ˜…
begins;ğŸ‰
senior;ğŸš¨
welton;none
academy;ğŸ˜ˆ
male;ğŸ†
elite;ğŸ˜‚
prep;ğŸš
weltons;none
students;ğŸ¨
roommate;ğŸ™ƒ
quickly;ğŸ˜±
accepted;ğŸ˜’
neils;none
friends;ğŸ‘§
knox;none
overstreet;none
meeks;ğŸ’ª
gerard;none
dalton;ğŸ˜‚
day;ğŸ”
classes;ğŸ‘
they;ğŸ‡§ğŸ‡·
surprised;ğŸ˜¹
unorthodox;none
teaching;â¡ï¸
methods;none
teacher;ğŸ’¦
keating;none
alumnus;none
encourages;none
make;ğŸ¯
your;ğŸ’ 
sentiment;none
summarizes;none
carpe;none
subsequent;none
lessons;ğŸ˜
include;ğŸ’°
having;ğŸ¿
take;ğŸš¿
turns;ğŸ˜·
standing;ğŸ˜€
teach;ğŸŒ
boys;ğŸš«
look;ğŸ¥ƒ
life;ğŸ¢
way;ğŸš’
telling;âœ‹
rip;ğŸ‘¼
out;ğŸ
poetry;ğŸ“·
books;ğŸ“š
rating;ğŸ–•
inviting;ğŸ˜­
style;ğŸ€
courtyard;none
headmaster;none
gale;none
learning;ğŸ˜
member;ğŸ˜Š
unsanctioned;none
restarts;none
sneak;ğŸ‘€
off;âœ‚ï¸
campus;ğŸ’™
cave;â„ï¸
compositions;none
progresses;none
keatings;none
involvement;none
live;ğŸ’·
terms;ğŸ˜
pursues;none
chris;ğŸ˜ˆ
dating;â™‚ï¸
player;âš½
public;âš ï¸
discovers;none
acting;ğŸ˜’
gets;ğŸ‘»
lead;âš¾ï¸
local;ğŸ³
production;ğŸ”¥
midsummer;none
nights;ğŸ™
dream;âœ‹
despite;âš¡ï¸
fact;ğŸ˜¥
domineering;none
wants;ğŸ™‹
league;âšª
medical;ğŸ˜œ
helps;ğŸ™‚
shell;ğŸ˜’
realize;ğŸ’¡
potential;ğŸ‘
takes;ğŸ
through;â˜”
exercise;ğŸ™Œ
self;ğŸ”‘
resulting;none
composing;none
front;ğŸ–•
vlo;none
film;ğŸ¬
role;â€
popeye;none
co;ğŸ“
films;ğŸ˜Š
garp;none
morning;ğŸŒ¦
awakenings;none
will;ğŸ‡§ğŸ‡·
hunting;ğŸ˜
hour;ğŸš—
financial;ğŸ¤”
successes;none
hook;ğŸ˜›
mrs;ğŸ’™
doubtfire;none
jumanji;none
birdcage;ğŸ¦
night;ğŸŒƒ
worlds;ğŸš¨
greatest;ğŸ†
dad;ğŸ˜¹
communism;none
socialist;none
bernie;ğŸ‘
burn;ğŸ—£
burrtio;none
burrito;ğŸ’¯
wing;ğŸ˜‚
university;ğŸ€
language;ğŸ‘
talk;ğŸš¤
ËˆroÊŠm;none
rohm;none
italian;ğŸ‡®ğŸ‡¹
ËˆroËma;none
rÅma;none
special;ğŸ“
comune;none
named;ğŸ€
di;ğŸ‡²ğŸ‡½
capitale;none
capital;ğŸ‡ºğŸ‡¸
serves;ğŸ˜‚
lazio;none
region;âš¾ï¸
residents;ğŸ‘
km;ğŸŒ†
mi;ğŸŒ†
countrys;none
populous;none
union;ğŸ½
center;ğŸ“†
metropolitan;none
million;ğŸ’°
central;ğŸ
latium;none
tiber;none
country;ğŸ‡·ğŸ‡º
geographically;none
only;âš°ï¸
example;ğŸ˜€
reason;ğŸ˜´
been;ğŸ™
two;ğŸ‘£
apennine;none
penisola;none
italiana;none
appenninica;none
smallest;ğŸ’•
peninsulas;none
southern;ğŸ‘Š
iberian;none
balkan;none
extends;none
po;ğŸ˜¢
valley;ğŸŒ¤
shape;ğŸ†•
gives;ğŸ˜
nickname;ğŸ˜‡
lo;ğŸ˜
stivale;none
boot;ğŸ’ª
contribute;ğŸ’›
namely;none
calabria;none
toe;ğŸ˜©
salento;none
gargano;none
war;ğŸ•
peace;ğŸŒ
please;ğŸ‡§ğŸ‡·
beatles;ğŸ¶
like;ğŸ‡¯ğŸ‡²
bieber;ğŸ˜‚
rihanna;ğŸ™Œ
india;ğŸ‡®ğŸ‡³
niger;none
nigeria;ğŸ˜‚
delhi;ğŸ˜‚
aÉªËˆbÉªÉ™riÉ™n;none
pÉ™ËˆnÉªnsjáµ¿lÉ™;none
known;ğŸ¶
aÉªËˆbÉªÉ™riÉ™;none
b;ğŸ›©
corner;ğŸ˜†
principally;none
portugal;ğŸ‡µğŸ‡¹
territory;â€
andorra;none
edge;ğŸ˜¢
gibraltar;ğŸ‡ªğŸ‡¸
coast;ğŸ˜
kingdom;ğŸ˜
area;ğŸœ
second;ğŸ˜£
scandinavian;ğŸ˜œ
lying;ğŸ¤¥
great;ğŸ”¶
britain;ğŸ‡¬ğŸ‡§
islands;ğŸ‘
northern;ğŸ˜‚
shares;ğŸ˜‚
land;ğŸ¹
â€;â€
â€Œthe;none
republic;ğŸŒ·
irelandnote;none
apart;ğŸ¤£
channel;ğŸ“º
celtic;ğŸ€
giving;ğŸ˜²
longest;ğŸ˜‰
coastline;none
irish;ğŸ€
lies;ğŸ‘ˆ
square;ğŸ“·
kilometres;none
st;ğŸšº
estimated;ğŸ™„
inhabitants;none
together;â›µ
makes;ğŸ“¹
densely;none
eunote;none
roads;ğŸ‘€
down;ğŸ¥›
yes;ğŸ‡±ğŸ‡·
n;â›½
seas;none
she;ğŸ–¥
sleeps;ğŸ¤”
sand;ğŸ˜‚
cannonballs;none
fly;ğŸ¤
theyre;ğŸ˜¹
forever;ğŸ–¤
banned;ğŸ˜‚
answer;ğŸ–Œ
friend;ğŸ‚
wind;â˜„
windcome;none
congressmen;none
stand;ğŸ‡ºğŸ‡¸
block;ğŸ
hall;ğŸ”µ
hurt;ğŸš«
theres;ğŸ‡¨ğŸ‡¦
battle;ğŸ“¸
outside;ğŸŒ
ragin;none
itll;ğŸ¤£
soon;ğŸ“Œ
shake;ğŸ¥›
windows;ğŸ¤”
rattle;none
walls;ğŸ‘
changini;none
saw;ğŸ—
baby;ğŸ‘¶
wild;ğŸ—
highway;ğŸ˜…
diamonds;ğŸ’
nobody;ğŸ‘
branch;ğŸ’›
blood;ğŸ˜–
kept;ğŸ’¯
room;ğŸŒª
full;ğŸ‘»
men;ğŸ¤š
hammers;none
bleedin;none
covered;ğŸ˜…
water;ğŸ’§
ten;ğŸŒ¸
thousand;â¤ï¸
talkers;none
broken;ğŸ˜£
guns;ğŸ˜‚
sharp;ğŸ˜£
swords;ğŸ˜
hands;âœ‹
young;ğŸ‘£
fall;ğŸ™…
lit;ğŸ”¥
offered;âœ‹
thought;ğŸ›
youd;ğŸ˜‰
never;âœï¸
say;ğŸ“–
said;ğŸ‘‚
silent;ğŸ˜‚
type;âš–ï¸
opened;ğŸŒ¬
handed;ğŸ˜
every;ğŸ”—
words;ğŸ¸
rang;ğŸ˜­
true;ğŸ˜ª
glowed;none
burnin;none
coal;ğŸ”¥
pourin;none
page;ğŸ‘
blueyou;none
turned;ğŸ‘…
frowns;none
jugglers;none
clowns;ğŸ˜‚
tricks;â¤ï¸
understood;ğŸ˜‚
no;ğŸ‡§ğŸ‡¬
shouldnt;ğŸ’©
let;ğŸ–¥
other;ğŸš¿
people;ğŸƒ
get;ğŸ›¬
kicks;â­
ride;ğŸš
horse;ğŸ´
diplomat;none
shoulder;â™€ï¸
really;ğŸ¢
wasnt;ğŸ
took;ğŸŒŒ
everything;â˜¯ï¸
could;ğŸ›
steal;ğŸ’š
does;ğŸ“
feel;ğŸ¤š
home;ğŸŒ
complete;ğŸ˜
unknown;ğŸ˜‚
rolling;ğŸ¶
stonesouth;none
disciplinary;none
action;ğŸ™
leader;ğŸ˜¡
tweeted;â˜ºï¸
colonialism;none
not;ğŸ—“
bad;âœ‹
under;ğŸ‡²ğŸ‡½
sanction;none
zille;none
storm;ğŸŒª
tweets;ğŸ¸
feared;none
scuppered;none
electoral;none
chances;ğŸ‘
sunday;ğŸŒ¦
announced;ğŸ˜‚
anti;ğŸŒˆ
apartheid;none
stood;â€
accused;ğŸ˜‚
bringing;ğŸ™…
disrepute;none
mmusi;none
maimane;none
ms;ğŸ’š
easy;ğŸ¥“
decision;ğŸ™ƒ
felt;ğŸ™Š
social;ğŸ¾
media;ğŸ³ï¸
posts;ğŸ’—
das;ğŸ˜‚
project;ğŸš€
build;ğŸ”´
non;ğŸ˜”
democracyit;none
worst;ğŸ˜£
shootings;none
happened;ğŸ˜•
post;ğŸ¤¥
videos;ğŸ‘ˆ
spread;ğŸ‘‹
false;ğŸ˜†
repeated;none
conspiracy;ğŸ˜‚
harassment;âš¡ï¸
families;ğŸ‘
victims;ğŸ™„
fighting;ğŸŠ
cheery;none
her;ğŸ’„
daily;ğŸ‹
newscast;none
todays;ğŸŒ¾
chat;ğŸ˜Œ
mass;ğŸ˜¬
arrests;none
level;ğŸ˜•
biggest;ğŸ¤¡
sweep;ğŸ’¨
ignored;â€
share;ğŸ˜ 
opinion;ğŸ™„
whats;â‰ï¸
happening;ğŸ
discuss;ğŸ˜‚
interesting;ğŸ˜´
presenter;ğŸ˜‚
works;ğŸ˜‘
alexei;none
navalny;none
last;ğŸ‡·ğŸ‡¸
weeks;ğŸ¥Š
even;ğŸ”
schoolchildren;none
suggests;none
message;ğŸ˜ˆ
increasingly;none
sparked;none
discussion;ğŸ˜‚
generation;ğŸ˜‚
those;ğŸŒ€
grown;ğŸ˜’
vladimir;none
beyond;ğŸ˜§
reach;ğŸ˜…
press;ğŸ—£
answers;ğŸ¤”
easier;ğŸ˜…
critical;âœŠ
view;ğŸ¦‰
disillusioned;none
lyubov;none
things;ğŸº
normal;ğŸ˜«
thats;ğŸ‘‚
pavel;none
leshev;none
joined;ğŸ˜
watched;ğŸ¥€
fbks;none
latest;ğŸ‘
slick;ğŸ˜‚
allegations;none
medvedev;none
awful;ğŸ™
russian;ğŸ
phone;ğŸ”—
says;ğŸ’
adding;ğŸ˜‰
economic;ğŸ˜‚
worry;ğŸ˜‘
abbey;ğŸ‘»
abdomen;ğŸ¶
ability;ğŸ˜‚
abolishment;none
abroad;ğŸ˜‚
accelerator;none
accident;ğŸ˜¢
accompanist;none
accordion;ğŸ»
account;ğŸ’¸
acknowledgment;none
acoustics;none
act;âœŠ
actor;ğŸ‚
actress;ğŸ’š
acupuncture;none
ad;ğŸ¸
addition;ğŸ˜†
address;ğŸ˜‚
adrenalin;none
advance;ğŸ°
advantage;â¡ï¸
advertising;ğŸ™„
advice;ğŸ˜“
affair;ğŸ˜
aftermath;âš¡ï¸
afternoon;ğŸ¥‚
aftershave;none
aftershock;none
afterthought;none
agency;ğŸ˜‚
aglet;none
aid;ğŸ™
air;ğŸŒ¾
airbag;none
airfare;none
airforce;none
airmail;none
airport;ğŸ›¬
airship;none
alarm;â™‚ï¸
alb;none
alcove;none
alder;none
alibi;none
allergist;none
alley;ğŸ³
alloy;none
almanac;none
almond;ğŸŒ¤
alpenglow;none
alpenhorn;none
alpha;ğŸ’™
alphabet;none
alto;ğŸ·
ambassador;ğŸ™
amendment;none
amount;ğŸ˜“
anagram;none
analgesia;none
analog;none
analogue;none
analogy;none
analysis;ğŸ˜…
analyst;none
anesthesiology;none
anethesiologist;none
angiosperm;none
angora;none
angstrom;ğŸ“·
anguish;none
animal;ğŸ‘€
anime;ğŸ˜„
ankle;â™€ï¸
anklet;none
annual;ğŸ¦Œ
anorak;ğŸ¤“
ant;ğŸœ
anteater;ğŸœ
antechamber;none
antelope;ğŸŒ¤
anthony;ğŸŒ
anxiety;ğŸ˜°
anybody;âš°ï¸
anything;ğŸŒ
anywhere;ğŸ¸
apartment;ğŸ¡
aperitif;ğŸ¹
apology;ğŸ’©
apparel;ğŸ†“
appeal;ğŸ¡
appearance;ğŸ’­
appendix;ğŸ˜”
applause;ğŸ‘
apple;ğŸ
applewood;ğŸ¥“
application;ğŸ‘®
appointment;â˜ï¸
approval;ğŸ”
apron;ğŸ‘
apse;ğŸ™Š
aquifer;ğŸ’§
arch;ğŸŒ²
archaeology;ğŸ˜€
archeology;â›
archer;â™
architecture;â˜€ï¸
rival;ğŸ’š
argument;ğŸ˜‚
arithmetic;ğŸ’š
arm;ğŸ¾
armadillo;ğŸ
armament;ğŸ˜‚
armchair;ğŸ“º
armor;ğŸ“·
rest;ğŸ¤¡
army;ğŸ”½
arrival;ğŸ›¬
arrow;ğŸ¹
artichoke;â—»ï¸
article;ğŸ‘‡
artificer;ğŸ“·
ascot;ğŸ‡
ash;ğŸ˜
ashram;ğŸŒ
ashtray;ğŸ˜·
aside;ğŸ¤—
ask;ğŸ‡§ğŸ‡·
asparagus;ğŸ‹
aspect;ğŸ’¯
asphalt;ğŸ‚
assignment;ğŸ“
assist;ğŸ‰
assistance;ğŸ’
assistant;ğŸ˜­
associate;ğŸŠ
association;ğŸ
assumption;ğŸ“
astrology;ğŸ˜˜
atelier;ğŸ‘°
athlete;âŒ
athletics;ğŸ…
atmosphere;ğŸ‘
atom;ğŸ’
atrium;ğŸ•¹
attachment;ğŸ™‚
attack;ğŸ¦ˆ
attempt;ğŸ˜…
attendant;âœˆï¸
attenuation;ğŸ˜
attic;ğŸ˜±
attitude;ğŸ¤š
attorney;ğŸ‡ºğŸ‡¸
attraction;ğŸ 
audience;ğŸ¾
auditorium;ğŸ«
aunt;ğŸ 
authorisation;ğŸ˜•
authority;âœŠ
authorization;ğŸ˜
automaton;ğŸ’¿
avalanche;â­
avenue;ğŸ¥
average;ğŸ“ˆ
award;ğŸ†
awareness;ğŸ•
azimuth;ğŸ˜‚
babe;ğŸ‘»
baboon;ğŸµ
babushka;ğŸ’©
backbone;ğŸ”
background;ğŸ”
backpack;ğŸ’•
bacon;ğŸ¥“
badge;â›µ
badger;ğŸ˜¥
bag;ğŸ’¼
bagel;ğŸŒˆ
baggage;ğŸ’¼
bagpipe;ğŸ˜€
bail;ğŸ…°ï¸
bait;ğŸ˜–
bake;â›½
baker;ğŸ³ï¸
bakery;ğŸ¥–
balaclava;ğŸ˜‚
balalaika;ğŸ˜„
balance;âš–ï¸
balcony;â­
ballet;â¤ï¸
balloon;ğŸˆ
ballpark;ğŸ“»
banana;ğŸŒ
bandana;ğŸ”¥
bandanna;â™‚ï¸
banjo;ğŸ»
bank;ğŸ’´
banker;ğŸ”’
baobab;ğŸ·
barbeque;ğŸ¢
barber;ğŸ’ˆ
barge;ğŸ˜•
baritone;ğŸ·
barium;ğŸ’©
barn;ğŸ˜Š
barometer;none
barracks;ğŸ 
barstool;ğŸ’µ
base;ğŸ–•
baseball;âš¾ï¸
basement;ğŸ”¨
basin;ğŸ”
basis;â„ï¸
basketball;ğŸ€
bass;ğŸ”Š
bassinet;ğŸ‘¶
bassoon;ğŸ¼
bat;ğŸ¦‡
bath;ğŸ›€
bather;ğŸ“·
bathhouse;ğŸ›€
bathrobe;ğŸ˜±
bathroom;ğŸ’©
bathtub;ğŸ›
batter;â¬†ï¸
battery;ğŸ™ƒ
batting;ğŸ
battleship;ğŸš¢
bay;ğŸ‡³ğŸ‡¿
bayou;âšœï¸
beak;ğŸ‘ƒ
beam;ğŸ”´
bean;ğŸ™
beanie;ğŸ’•
beard;ğŸ…
beast;ğŸ¥€
beat;ğŸ‹
beautiful;ğŸ‡³ğŸ‡¬
beaver;ğŸŒ†
bed;ğŸ›
bedroom;ğŸ˜‘
beech;ğŸ“†
beef;ğŸ®
beet;ğŸ
beetle;ğŸ˜‚
beggar;ğŸ˜‚
beginning;â¤ï¸
begonia;ğŸ’™
behavior;â™ˆ
beheading;ğŸ‘ˆ
behest;ğŸ‡¬ğŸ‡§
belfry;ğŸŒï¸
belief;ğŸ‰
believe;ğŸ‘¿
bell;ğŸŒ®
belligerency;none
bellows;ğŸŸ
belly;ğŸ´
belt;ğŸ—£
bench;ğŸ˜‚
bend;ğŸš”
benefit;ğŸ¦„
bengal;ğŸ¯
berry;ğŸ“
bestseller;ğŸ’š
best;ğŸ“•
seller;ğŸ˜­
bet;ğŸ“º
beverage;ğŸ¸
bibliography;ğŸ’¤
bicycle;ğŸš²
bidet;ğŸ˜†
bifocals;ğŸ‘µ
big;ğŸ”¶
rig;ğŸ˜‚
bijou;ğŸ™
bikini;â›µ
bill;âœ–ï¸
billboard;ğŸ“¹
bin;ğŸ˜·
biology;ğŸ”¬
biplane;ğŸ¤—
birch;ğŸ†š
bird;ğŸ¦
birdbath;ğŸ¦
birdhouse;ğŸ•Š
watcher;ğŸ˜‚
bit;â„ï¸
bite;ğŸ™„
bitter;ğŸ™
blackboard;ğŸ˜…
blackfish;ğŸ‹
bladder;ğŸ˜–
blame;ğŸº
blank;ğŸ™‚
blanket;ğŸ¤”
blazer;ğŸ˜‚
blight;ğŸ˜œ
blind;ğŸ˜¯
blinker;ğŸ–•
blister;ğŸ˜·
blocker;ğŸ¯
bloom;ğŸŒ¸
bloomers;ğŸ˜
blossom;ğŸŒ¸
blouse;ğŸ€
blow;ğŸ†
blowhole;ğŸŒº
blueberry;ğŸ¥
boar;ğŸ—
board;ğŸŒ€
building;ğŸš’
boatload;ğŸš¢
boatyard;ğŸ‡§ğŸ‡§
bobcat;ğŸ½
body;ğŸ
bog;ğŸ‡
bondsman;ğŸ˜•
bone;â˜¹
bongo;ğŸ”¥
bonnet;ğŸ¦
bonus;ğŸ™Œ
boogeyman;ğŸƒ
bookend;ğŸ˜
booster;ğŸ”¥
boots;ğŸ¤”
bore;ğŸ˜´
bosom;ğŸŒ»
boss;ğŸ‘Š
botany;ğŸŒ¾
bother;ğŸ˜¹
bottle;ğŸ¾
bottling;ğŸ’‰
bottom;ğŸ…±ï¸
line;ğŸ‡§ğŸ‡·
boudoir;none
bough;ğŸ¬
bow;ğŸ¹
bower;ğŸ
bowl;ğŸ‰
bowler;ğŸ³
bowling;ğŸ³
bowtie;ğŸ˜†
box;ğŸ“¦
boxer;ğŸ˜‚
boxspring;ğŸ˜’
boyfriend;ğŸ¤
bra;ğŸ¤˜
brace;âš½
bracelet;ğŸ‘‰
bracket;ğŸ€
brain;â—
brake;â™€ï¸
brand;ğŸ‘»
brandy;ğŸ¶
brass;ğŸ“·
brassiere;none
bratwurst;ğŸŒ­
brave;ğŸ™
breadcrumb;ğŸ˜‚
break;â˜®
breakfast;ğŸ³
breakpoint;ğŸ™
breast;ğŸ˜©
breath;ğŸ”—
breeze;ğŸŒ¬
brick;â˜•
bridge;ğŸŒ‰
brief;ğŸ¥
briefs;ğŸ“·
brilliant;ğŸ‡®ğŸ‡ª
british;ğŸ‡§ğŸ‡¬
broad;ğŸšº
broccoli;ğŸ†‘
brochure;ğŸ˜‚
broiler;ğŸ”
broker;ğŸ˜­
bronchitis;ğŸ¤’
bronco;ğŸ´
brood;ğŸ¥
brook;âœŒï¸
broom;ğŸ’’
law;ğŸ‘©
brow;ğŸ†•
brown;ğŸ‘
brush;ğŸ™‚
brushfire;ğŸ”¥
brushing;ğŸ˜·
bubble;ğŸ›€
bucket;âœ”ï¸
bud;ğŸº
buddy;ğŸ‘Š
budget;ğŸ’²
buffet;ğŸ¥™
bug;ğŸ•·
buggy;ğŸ¸
bull;ğŸ’©
bulldozer;ğŸšœ
bullet;ğŸš…
fighter;ğŸ‘
bun;ğŸ’
bunch;ğŸ’Œ
bungalow;ğŸ 
bunghole;ğŸ’©
bunkhouse;none
burlesque;ğŸ“¢
burst;ğŸ˜¯
bus;ğŸšŒ
bush;ğŸ¤¥
business;ğŸœ
bust;ğŸ™‰
butane;ğŸ˜‚
butcher;ğŸ–
butter;ğŸ¥œ
button;â™¥ï¸
buyer;ğŸ’¸
buzzard;ğŸ€
cabana;ğŸ
cabbage;ğŸ‡³ğŸ‡¬
cabin;ğŸ˜‚
cabinet;ğŸ˜¨
cable;ğŸ˜¡
caboose;ğŸš‚
cacao;ğŸ«
cactus;ğŸŒµ
caddy;ğŸ‘
cafe;ğŸ
cake;ğŸ°
calculation;ğŸ˜‰
calculator;ğŸ¤“
calculus;ğŸ“
calf;â˜¹
calm;ğŸ¤“
camel;ğŸª
cameo;ğŸ˜‚
camp;ğŸˆ
campaign;ğŸ‡ºğŸ‡¸
campanile;ğŸ‡®ğŸ‡¹
canal;ğŸš¤
cancel;ğŸ––
cancer;ğŸ’œ
candidate;ğŸ’°
candle;ğŸ’«
candy;ğŸ­
cane;ğŸ˜¢
cannon;ğŸ—º
canoe;ğŸ›¶
canon;ğŸ“·
canteen;ğŸ‡®ğŸ‡³
canvas;ğŸ“·
cap;ğŸ˜
cape;ğŸ˜­
capitulation;ğŸ˜”
capon;ğŸ»
cappuccino;â˜•
captain;ğŸŒï¸
caption;â™¥ï¸
car;ğŸš™
caravan;ğŸ‘
carbon;ğŸŒ±
cardboard;ğŸ˜‚
care;ğŸ–
cargo;â€
carload;ğŸŒŸ
carnation;ğŸ’­
carol;ğŸ˜‚
carotene;ğŸ¥•
carp;ğŸ
carpenter;ğŸ˜
carpet;ğŸ•
carport;ğŸ˜•
carriage;ğŸ´
carrot;ğŸ¥•
carry;ğŸ’¬
cart;ğŸ™ƒ
cartilage;ğŸ’‰
cartload;none
cartoon;ğŸ˜
cartridge;ğŸ“·
cascade;ğŸ’•
case;ğŸ‡¬ğŸ‡§
casement;ğŸ“·
cashier;ğŸ‘¿
casino;ğŸ˜‚
casserole;ğŸ¥˜
cassock;ğŸ˜‚
cast;ğŸ“·
castle;ğŸ°
catamaran;â›µ
catch;ğŸ¦‰
category;ğŸ“·
caterpillar;ğŸ›
cathedral;â›ª
catsup;ğŸŸ
cattle;ğŸ®
cauliflower;ğŸš
caution;âš ï¸
c;ğŸŒ†
clamp;none
cd;ğŸ¶
ceiling;ğŸ˜‚
celebration;ğŸ‡µğŸ‡°
celeriac;ğŸµ
celery;ğŸ¥’
celeste;ğŸ’“
cell;ğŸ¤‘
cellar;ğŸ€
cello;ğŸ»
cement;ğŸ
cemetery;âš°ï¸
cenotaph;none
census;none
cent;ğŸ˜­
centimeter;none
centurion;none
cephalopod;none
cereal;ğŸŒ¤
cesspool;none
chainstay;none
chair;ğŸš¨
chairlift;none
chairman;ğŸ™
chairperson;none
chaise;none
challenge;ğŸŒ
champion;ğŸš²
championship;ğŸ
chance;ğŸŒ¬
change;ğŸ¾
chapter;â¤ï¸
character;ğŸ“·
chard;none
charge;ğŸ˜¡
charity;ğŸ€
charlatan;none
charles;ğŸ‰
chart;âœ…
chasuble;none
chateau;none
chauvinist;none
check;ğŸ¤–
checkroom;none
cheek;ğŸ‘Œ
chef;ğŸ‘¨
chemistry;ğŸ˜­
cherries;ğŸ‘…
cherry;ğŸŒ¸
chest;ğŸ˜ª
chick;ğŸ˜
chicken;ğŸ—
chief;ğŸ˜¨
chiffonier;none
childhood;ğŸ˜­
chin;ğŸ’­
chino;none
chip;ğŸª
chipmunk;none
chive;none
chop;ğŸ˜‚
chopstick;none
chowder;ğŸ²
chromolithograph;none
chronograph;none
chronometer;none
chug;ğŸ˜‚
churn;none
cicada;none
cinema;ğŸ’•
circle;ğŸ‘€
circulation;none
circumference;none
cirrus;none
civilisation;none
claim;ğŸ˜´
clank;none
clapboard;none
clasp;none
classic;ğŸ¯
classroom;ğŸ˜
clave;none
clavicle;none
clavier;none
cleaner;ğŸ˜‚
click;ğŸš¨
client;ğŸ˜Š
climate;ğŸ˜„
climb;ğŸ”´
clip;ğŸ˜‚
clipper;none
cloak;none
cloakroom;none
clock;ğŸ‘Œ
clockwork;none
clogs;none
cloister;none
