power;ğŸ’ª
nap;ğŸ˜©
till;ğŸš¦
norge;ğŸ‡³ğŸ‡´
i;ğŸ‡¸ğŸ‡¦
sommar;ğŸ’­
jag;â¿
ska;ğŸŒ
cykla;ğŸš²
med;ğŸ¤
min;ğŸ¥
syster;ğŸ¥‚
det;ğŸ”‹
kommer;ğŸ…
bli;ğŸŒï¸
kul;ğŸ†“
farlig;ğŸŒ¿
bil;ğŸ¤–
bpt;none
bÃ¥t;â›´
bot;ğŸ‘
stockholm;ğŸ“
gÃ¶teborg;âš“ï¸
boom;âœ…
miljÃ¶;ğŸŒ¿
pari;none
parti;ğŸŒ¿
aktie;ğŸ€
spara;ğŸ…
bank;ğŸ˜¡
anka;ğŸ˜‰
kalle;âœ”ï¸
anna;ğŸ€
madelene;ğŸ˜Š
annie;ğŸ‘
kinberg;ğŸ˜‚
stefan;ğŸ’›
maja;ğŸ˜
lova;ğŸ¤¥
oskar;â¤ï¸
bosse;ğŸ’£
fres;none
fred;ğŸ•Šï¸
konst;ğŸ¨
konstig;ğŸ¤”
och;â•
katt;ğŸ˜¸
va;â“
hemma;ğŸ¡
kolla;ğŸ‘€
pÃ¥;ğŸ”
youtube;ğŸ“¹
val;ğŸ³
dÃ¶d;â˜ ï¸
osmart;ğŸ˜
dumt;ğŸ˜
idiot;ğŸ¤¤
rasist;ğŸ–•
block;ğŸ¤¡
troll;ğŸ˜
svd;ğŸ“°
dn;ğŸ“°
aftonbladet;ğŸ“°
svt;ğŸ“º
sr;ğŸ“»
expressen;ğŸ“°
kniv;ğŸ”ª
kalla;ğŸ˜—
mig;â¿
film;ğŸ¥
sÃ¥g;ğŸ 
en;ğŸ•’
om;ğŸ¦
bio;ğŸ¬
var;ğŸˆ
la;â„¢ï¸
land;ğŸ‡©ğŸ‡°
danmark;ğŸ‡©ğŸ‡°
ryssland;ğŸ‡·ğŸ‡º
kina;ğŸ‡¨ğŸ‡³
indien;ğŸ‡®ğŸ‡³
iran;ğŸ‡®ğŸ‡·
turkiet;ğŸ‡¹ğŸ‡·
israel;ğŸ‡®ğŸ‡±
grekland;ğŸ‡¬ğŸ‡·
kroatien;ğŸ‡­ğŸ‡·
italien;ğŸ‡®ğŸ‡¹
frankrike;ğŸ‡«ğŸ‡·
sverige;ğŸ‡¸ğŸ‡ª
portugal;ğŸ‡µğŸ‡¹
spanien;ğŸ‡ªğŸ‡¸
lÃ¶fven;ğŸ…
tomte;ğŸ…
jul;ğŸ„
hjul;â˜¸ï¸
volvo;ğŸš—
torslanda;ğŸš—
Ã¶ckerÃ¶;none
gbg;ğŸ½
sthlm;ğŸš¢
tallin;none
polen;âœ‹
island;ğŸ¦
apa;ğŸ¤”
hund;ğŸ•
ko;ğŸ‰
hÃ¤st;ğŸ
svan;ğŸ˜
fÃ¥gel;ğŸ¾
champagne;ğŸ¾
tur;ğŸ—»
under;ğŸ‡ªğŸ‡·
bÃ¶rjan;âœˆï¸
kunde;ğŸ”
enbart;â˜•
rika;ğŸ˜
personer;ğŸ•¯
rÃ¶sta;ğŸŒŸ
gjorde;ğŸ¥˜
att;ğŸ›¢
socialdemokraterna;ğŸŒ¹
hade;â›”
svÃ¥rt;ğŸ”«
fÃ¥;ğŸ•°
igenom;ğŸ“—
sina;ğŸ›¬
fÃ¶rslag;â˜ï¸
dÃ¤rfÃ¶r;â˜ 
blev;ğŸ
lika;ğŸŒª
fÃ¶rsta;â¿
viktigaste;ğŸ³ï¸
krav;ğŸ®
hjalmar;none
branting;none
socialdemokratins;none
representant;ğŸ˜Š
riksdagen;â“
hans;ğŸ‘º
sÃ¤krats;none
stÃ¶d;ğŸŒ½
av;ğŸˆ
vissa;ğŸ™‰
stockholmskretsar;none
valdes;ğŸ˜‚
ytterligare;ğŸ‘¿
tre;ğŸ“»
fortfarande;ğŸ€
dock;âœï¸
rÃ¶strÃ¤tten;none
inkomst;ğŸ¤”
fÃ¶rmÃ¶genhet;ğŸ¤£
stora;ğŸšŒ
folkflertalet;none
som;ğŸ‡¨ğŸ‡³
stÃ¶dde;none
frÃ¥n;âœ‰ï¸
den;ğŸ‡¨ğŸ‡³
politiska;ğŸ™Œ
makt;ğŸ˜¡
Ã¥r;â¿
anordnades;none
stÃ¶rre;ğŸš—
demonstration;ğŸ‘
norra;ğŸšŒ
bantorget;none
allmÃ¤n;ğŸ˜ 
gick;ğŸ¦‘
ut;ğŸš‰
maj;â˜®
fÃ¶r;â¿
ge;ğŸ’¬
Ã¥t;â„¢ï¸
rÃ¶strÃ¤ttsreform;none
efter;ğŸ‡ªğŸ‡·
omfattande;ğŸ˜¯
opinionsyttringar;none
form;ğŸ¤¢
strejker;none
stor;ğŸ
folkopinion;none
lyckades;â¡ï¸
de;ğŸ¦‘
konservativa;ğŸ˜ƒ
gÃ¥;â˜”
rÃ¶strÃ¤ttskomp;none
bi;ğŸ
per;ğŸ˜¶
albin;ğŸ˜•
hansson;ğŸ’”
fungerade;ğŸ™ƒ
ordfÃ¶rande;ğŸ¤ 
partiets;â¡ï¸
verkstÃ¤llande;none
utskott;ğŸ˜Š
brantings;none
vid;ğŸ”¦
partikongressen;none
han;ğŸŸ
partiet;â¡ï¸
Ã¥ret;âš«
innan;ğŸ“–
valts;ğŸ˜
riksdagsgruppen;none
samma;ğŸ•µï¸
hÃ¶ll;ğŸ•¹
ocksÃ¥;ğŸ
folkhemstalet;none
ha;ğŸ“¼
erinrat;none
man;ğŸ”
olika;â‰ï¸
sammanhang;ğŸŒ¿
gÃ¤rna;â
talade;ğŸ˜”
samhÃ¤llet;ğŸ˜ï¸
staten;ğŸ°
kommunen;ğŸ˜
gemensamma;ğŸ˜
hemmet;ğŸ‘´
medborgarhemmet;none
ville;ğŸ“¼
understryka;none
grundval;none
Ã¤r;ğŸ“™
gemensamheten;none
samkÃ¤nslan;none
goda;ğŸ¸
kÃ¤nner;ğŸ²
icke;âŒ
nÃ¥gra;ğŸ²
privilegierade;none
eller;ğŸ–
tillbakasatta;none
inga;ğŸ˜¿
kelgrisar;none
styvbarn;none
dÃ¤r;ğŸ§€
ser;ğŸ¦‡
ner;ğŸ®
andre;ğŸ˜œ
fÃ¶rsÃ¶ker;ğŸŒ
ingen;ğŸ¥’
skaffa;ğŸ’¯
sig;ğŸ”
fÃ¶rdel;ğŸ˜‡
bekostnad;ğŸ”
trycker;ğŸ™ƒ
svage;none
rÃ¥der;ğŸ˜‰
likhet;ğŸ˜‚
omtanke;ğŸ’™
samarbete;ğŸµ
visade;ğŸ‡ºğŸ‡¸
Ã¤nnu;ğŸ•Š
lÃ¥ng;ğŸ’¼
vÃ¤g;ğŸ¤–
mot;ğŸš„
socialdemokratin;none
slog;ğŸ‘¿
alla;ğŸ“¿
rekord;ğŸ˜ª
kommunistskrÃ¤ckens;none
tecken;ğŸ™
Ã¤gde;ğŸ™‡
valet;ğŸ‡«ğŸ‡·
rum;â™¥ï¸
gÃ¥tt;ğŸ¤
historien;ğŸ˜³
namnet;ğŸ‘€
kosackvalet;none
genom;ğŸ‘®
sin;ğŸ“¼
propaganda;ğŸ˜‚
nÃ¥;ğŸ˜¤
rekordartad;none
mobilisering;none
vÃ¤ljare;ğŸ¤¡
dÃ¤rmed;âŒ
vinna;ğŸ®
trots;ğŸ“¡
betydande;none
rÃ¶stÃ¶kning;none
allemojis;none
emoji;ğŸ‘†
hej;ğŸ“
du;ğŸ‡­ğŸ‡º
historiskt;ğŸ˜‚
vÃ¤ndpunkt;none
svensk;ğŸ¾
politik;ğŸŒ
seger;ğŸ…
gÃ¥ngen;â¿
kom;ğŸ‚
minoritet;ğŸ‡¸ğŸ‡ª
inom;ğŸ»
vÃ¤ljarkÃ¥ren;none
men;ğŸ¨
kampen;ğŸ’
huvuduppgift;none
regeringen;ğŸŒ¿
samverkan;ğŸŒŸ
bondefÃ¶rbundet;none
skapades;none
underlag;ğŸ‘
ett;â›
nytt;âš¾ï¸
skede;none
demokratiska;ğŸ˜Š
landet;ğŸ’©
fÃ¶rhindra;ğŸ˜µ
nazismen;none
fick;ğŸ¥˜
fotfÃ¤ste;none
wigforss;none
ny;â³
ekonomisk;ğŸ¤”
investeringar;ğŸ˜³
Ã¶kade;ğŸ¤”
arbetslÃ¶shetspolitiken;none
fÃ¶rÃ¤ndrades;none
bÃ¥de;ğŸš˜
utformning;none
sitt;ğŸ¤§
innehÃ¥ll;ğŸ˜³
statliga;ğŸˆ
mÃ¥ngdubblades;none
bostadsfrÃ¥gan;none
samtidigt;ğŸ‘µ
fram;ğŸ•’
centrum;ğŸŒ¸
mÃ¥lmedvetna;none
samhÃ¤llspolitiska;none
eftersom;ğŸ’‚
bostadsstandarden;none
arbetarhushÃ¥ll;none
barnfamiljer;ğŸ‘ª
gamla;ğŸ”¸
all;ğŸ˜½
kritik;ğŸ˜‡
Ã¶ver;ğŸ•’
hÃ¤lften;ğŸ˜·
arbetarfamiljerna;ğŸ‘¨â€ğŸ­ğŸ‘ª
barn;ğŸ‘¶
bodde;ğŸ™‚
lÃ¤genheter;ğŸ˜©
hÃ¶gst;ğŸ’«
kÃ¶k;ğŸ˜
nyÃ¥rsuttalande;none
fÃ¶rsÃ¶k;â˜¹
kombinera;ğŸ˜Š
klasskampsideologin;none
folkhemsideologin;none
fÃ¶rstÃ¥r;â›”
nÃ¤mligen;ğŸ™‚
inte;ğŸ¦
dem;ğŸš‘
vÃ¥r;ğŸŒ¡
rÃ¶relse;ğŸ˜…
hÃ¤r;ğŸ‘¾
fÃ¶rsÃ¶ka;ğŸ˜š
skapa;ğŸ—£
nÃ¤stan;ğŸ”
ohjÃ¤lplig;none
sÃ¤ga;â›¸
nu;ğŸ›Œ
vi;â•
Ã¶vergivit;none
sÃ¥vitt;none
kan;ğŸ’ª
fÃ¶rstÃ¥;ğŸ¤”
skillnaden;â–
snarare;ğŸ’„
anvÃ¤nda;â¡ï¸
andra;ğŸ¦…
naturligtvis;â—
fÃ¶rhÃ¥llandena;none
mÃ¶jliggjort;none
fÃ¶rstÃ¥else;ğŸ¤”
mellan;ğŸ†š
klasserna;none
Ã¶kat;ğŸ“ˆ
bakom;ğŸ•°
folkhemstanken;ğŸ‘ªğŸ¡ğŸ’­ 
ligger;ğŸ›ï¸
ju;ğŸ»
intet;ğŸš«
uppgivande;none
klasskampsideologins;none
motsÃ¤ttningarna;none
skola;â±
undanrÃ¶jas;none
gÃ¥r;ğŸŒ¥
bygga;ğŸ˜–
folkhem;none
basis;none
bibehÃ¥llna;âœ…
orÃ¤ttvisor;ğŸš«âš–ï¸
utan;ğŸš«
sÃ¥;ğŸŒ¿
mycket;ğŸ“™
starkare;ğŸ’ªğŸ’ª
betonar;ğŸ—¯ï¸
mÃ¥ste;ğŸ“‘
vara;â•
rÃ¤tt;âš–ï¸
dÃ¥;â©
tror;ğŸ’­
komma;ğŸš¶â€â™€ï¸
verkligt;ğŸ“
Ã¶verbryggande;ğŸŒ‰
finna;ğŸ”
uttryck;ğŸ’¬
andras;ğŸ‘‰
tillÃ¤mpat;ğŸ‘Š 
folk;ğŸ‘«
skulle;ğŸ¼
detta;ğŸ”½
betyda;â–¶ï¸
nedbrytandet;â›ï¸
sociala;ğŸ‘¥
ekonomiska;ğŸ’²
skrankor;ğŸ’¸
skilja;â–
hÃ¤rskande;ğŸ‘‘
beroende;ğŸ˜
plundrare;ğŸ©
plundrade;ğŸ˜
